Country,Happiness Rank,Happiness Score,Economy (GDP per Capita),Health (Life Expectancy),Freedom,Trust (Government Corruption),Generosity,Year
Switzerland,1,7.587,1.397,0.941,0.666,0.420,0.297,2015
Iceland,2,7.561,1.302,0.948,0.629,0.141,0.436,2015
Denmark,3,7.527,1.325,0.875,0.649,0.484,0.341,2015
Norway,4,7.522,1.459,0.885,0.670,0.365,0.347,2015
Canada,5,7.427,1.326,0.906,0.633,0.330,0.458,2015
Finland,6,7.406,1.290,0.889,0.642,0.414,0.234,2015
Netherlands,7,7.378,1.329,0.893,0.616,0.318,0.476,2015
Sweden,8,7.364,1.332,0.911,0.660,0.438,0.363,2015
New Zealand,9,7.286,1.250,0.908,0.639,0.429,0.475,2015
Australia,10,7.284,1.334,0.932,0.651,0.356,0.436,2015
Israel,11,7.278,1.229,0.914,0.413,0.078,0.332,2015
Costa Rica,12,7.226,0.956,0.860,0.634,0.106,0.255,2015
Austria,13,7.2,1.337,0.890,0.624,0.187,0.331,2015
Mexico,14,7.187,1.021,0.814,0.482,0.213,0.141,2015
United States,15,7.119,1.395,0.862,0.546,0.159,0.401,2015
Brazil,16,6.983,0.981,0.697,0.490,0.175,0.146,2015
Luxembourg,17,6.946,1.564,0.919,0.616,0.378,0.280,2015
Ireland,18,6.94,1.336,0.895,0.618,0.287,0.459,2015
Belgium,19,6.937,1.308,0.897,0.585,0.225,0.223,2015
United Arab Emirates,20,6.901,1.427,0.809,0.642,0.386,0.264,2015
United Kingdom,21,6.867,1.266,0.909,0.596,0.321,0.519,2015
Oman,22,6.853,1.360,0.763,0.633,0.325,0.215,2015
Venezuela,23,6.81,1.044,0.721,0.429,0.111,0.058,2015
Singapore,24,6.798,1.522,1.025,0.543,0.492,0.311,2015
Panama,25,6.786,1.064,0.797,0.542,0.093,0.244,2015
Germany,26,6.75,1.328,0.892,0.615,0.218,0.282,2015
Chile,27,6.67,1.107,0.859,0.441,0.129,0.334,2015
Qatar,28,6.611,1.690,0.797,0.640,0.522,0.326,2015
France,29,6.575,1.278,0.946,0.550,0.206,0.123,2015
Argentina,30,6.574,1.054,0.787,0.450,0.085,0.115,2015
Czech Republic,31,6.505,1.179,0.845,0.464,0.027,0.107,2015
Uruguay,32,6.485,1.062,0.812,0.604,0.246,0.232,2015
Colombia,33,6.477,0.919,0.691,0.535,0.051,0.184,2015
Thailand,34,6.455,0.967,0.739,0.557,0.032,0.576,2015
Saudi Arabia,35,6.411,1.395,0.720,0.310,0.325,0.137,2015
Spain,36,6.329,1.230,0.956,0.460,0.064,0.182,2015
Malta,37,6.302,1.207,0.887,0.604,0.136,0.518,2015
Taiwan,38,6.298,1.291,0.875,0.397,0.081,0.254,2015
Kuwait,39,6.295,1.554,0.725,0.555,0.256,0.162,2015
Suriname,40,6.269,0.995,0.608,0.597,0.136,0.170,2015
Trinidad and Tobago,41,6.168,1.212,0.615,0.559,0.011,0.318,2015
El Salvador,42,6.13,0.765,0.677,0.404,0.118,0.107,2015
Guatemala,43,6.123,0.746,0.644,0.577,0.095,0.275,2015
Uzbekistan,44,6.003,0.632,0.598,0.658,0.308,0.228,2015
Slovakia,45,5.995,1.169,0.789,0.318,0.034,0.169,2015
Japan,46,5.987,1.271,0.991,0.496,0.181,0.107,2015
South Korea,47,5.984,1.245,0.965,0.332,0.079,0.186,2015
Ecuador,48,5.975,0.864,0.791,0.486,0.181,0.115,2015
Bahrain,49,5.96,1.324,0.747,0.455,0.306,0.174,2015
Italy,50,5.948,1.251,0.954,0.262,0.029,0.228,2015
Bolivia,51,5.89,0.681,0.539,0.574,0.088,0.205,2015
Moldova,52,5.889,0.594,0.618,0.328,0.016,0.210,2015
Paraguay,53,5.878,0.760,0.661,0.539,0.082,0.342,2015
Kazakhstan,54,5.855,1.123,0.644,0.516,0.085,0.118,2015
Slovenia,55,5.848,1.185,0.873,0.609,0.038,0.253,2015
Lithuania,56,5.833,1.147,0.731,0.213,0.010,0.026,2015
Nicaragua,57,5.828,0.593,0.743,0.555,0.193,0.278,2015
Peru,58,5.824,0.900,0.730,0.415,0.060,0.150,2015
Belarus,59,5.813,1.032,0.736,0.379,0.191,0.110,2015
Poland,60,5.791,1.126,0.779,0.531,0.042,0.168,2015
Malaysia,61,5.77,1.125,0.724,0.530,0.105,0.331,2015
Croatia,62,5.759,1.083,0.788,0.259,0.024,0.054,2015
Libya,63,5.754,1.131,0.704,0.417,0.110,0.183,2015
Russia,64,5.716,1.138,0.669,0.367,0.030,0.002,2015
Jamaica,65,5.709,0.810,0.687,0.504,0.023,0.212,2015
North Cyprus,66,5.695,1.208,0.924,0.490,0.143,0.262,2015
Cyprus,67,5.689,1.208,0.924,0.407,0.061,0.306,2015
Algeria,68,5.605,0.939,0.618,0.286,0.174,0.078,2015
Kosovo,69,5.589,0.801,0.631,0.247,0.047,0.283,2015
Turkmenistan,70,5.548,0.958,0.539,0.476,0.308,0.170,2015
Mauritius,71,5.477,1.008,0.710,0.561,0.075,0.377,2015
Hong Kong,72,5.474,1.386,1.013,0.596,0.371,0.395,2015
Estonia,73,5.429,1.152,0.774,0.449,0.152,0.087,2015
Indonesia,74,5.399,0.828,0.638,0.466,0.000,0.515,2015
Vietnam,75,5.36,0.632,0.747,0.594,0.104,0.169,2015
Turkey,76,5.332,1.061,0.732,0.228,0.157,0.123,2015
Kyrgyzstan,77,5.286,0.474,0.651,0.435,0.042,0.300,2015
Nigeria,78,5.268,0.654,0.160,0.343,0.040,0.272,2015
Bhutan,79,5.253,0.770,0.574,0.532,0.154,0.480,2015
Azerbaijan,80,5.212,1.024,0.640,0.370,0.161,0.078,2015
Pakistan,81,5.194,0.595,0.515,0.121,0.105,0.337,2015
Jordan,82,5.192,0.902,0.696,0.407,0.143,0.111,2015
Montenegro,82,5.192,0.974,0.725,0.183,0.143,0.161,2015
China,84,5.14,0.890,0.817,0.517,0.028,0.082,2015
Zambia,85,5.129,0.470,0.299,0.488,0.125,0.196,2015
Romania,86,5.124,1.043,0.769,0.351,0.006,0.137,2015
Serbia,87,5.123,0.921,0.748,0.201,0.026,0.192,2015
Portugal,88,5.102,1.160,0.875,0.515,0.011,0.137,2015
Latvia,89,5.098,1.113,0.724,0.297,0.063,0.182,2015
Philippines,90,5.073,0.705,0.581,0.625,0.123,0.250,2015
Somaliland region,91,5.057,0.188,0.439,0.466,0.399,0.503,2015
Morocco,92,5.013,0.735,0.610,0.417,0.085,0.072,2015
Macedonia,93,5.007,0.919,0.735,0.335,0.053,0.224,2015
Mozambique,94,4.971,0.083,0.091,0.340,0.156,0.223,2015
Albania,95,4.959,0.879,0.813,0.357,0.064,0.143,2015
Bosnia and Herzegovina,96,4.949,0.832,0.791,0.092,0.002,0.248,2015
Lesotho,97,4.898,0.375,0.076,0.318,0.125,0.164,2015
Dominican Republic,98,4.885,0.895,0.668,0.577,0.142,0.217,2015
Laos,99,4.876,0.591,0.549,0.596,0.242,0.422,2015
Mongolia,100,4.874,0.828,0.603,0.436,0.027,0.332,2015
Swaziland,101,4.867,0.712,0.076,0.307,0.031,0.183,2015
Greece,102,4.857,1.154,0.882,0.077,0.014,0.000,2015
Lebanon,103,4.839,1.026,0.839,0.339,0.046,0.219,2015
Hungary,104,4.8,1.121,0.759,0.321,0.028,0.128,2015
Honduras,105,4.788,0.595,0.695,0.401,0.068,0.230,2015
Tajikistan,106,4.786,0.390,0.574,0.472,0.151,0.230,2015
Tunisia,107,4.739,0.881,0.738,0.263,0.064,0.064,2015
Palestinian Territories,108,4.715,0.599,0.660,0.245,0.129,0.113,2015
Bangladesh,109,4.694,0.398,0.602,0.408,0.126,0.212,2015
Iran,110,4.686,1.009,0.698,0.300,0.059,0.381,2015
Ukraine,111,4.681,0.799,0.674,0.251,0.030,0.153,2015
Iraq,112,4.677,0.985,0.602,0.000,0.138,0.179,2015
South Africa,113,4.642,0.920,0.277,0.332,0.089,0.120,2015
Ghana,114,4.633,0.546,0.401,0.423,0.044,0.231,2015
Zimbabwe,115,4.61,0.271,0.335,0.259,0.081,0.190,2015
Liberia,116,4.571,0.071,0.342,0.285,0.062,0.244,2015
India,117,4.565,0.645,0.515,0.398,0.085,0.265,2015
Sudan,118,4.55,0.521,0.369,0.101,0.147,0.191,2015
Haiti,119,4.518,0.267,0.388,0.244,0.172,0.462,2015
Congo (Kinshasa),120,4.517,0.000,0.098,0.226,0.076,0.248,2015
Nepal,121,4.514,0.360,0.569,0.383,0.059,0.323,2015
Ethiopia,122,4.512,0.191,0.441,0.435,0.150,0.243,2015
Sierra Leone,123,4.507,0.330,0.000,0.408,0.088,0.215,2015
Mauritania,124,4.436,0.454,0.359,0.242,0.175,0.219,2015
Kenya,125,4.419,0.365,0.414,0.422,0.058,0.375,2015
Djibouti,126,4.369,0.440,0.363,0.461,0.281,0.181,2015
Armenia,127,4.35,0.768,0.730,0.198,0.039,0.079,2015
Botswana,128,4.332,0.994,0.048,0.495,0.125,0.105,2015
Myanmar,129,4.307,0.271,0.482,0.440,0.190,0.796,2015
Georgia,130,4.297,0.742,0.729,0.406,0.383,0.055,2015
Malawi,131,4.292,0.016,0.226,0.431,0.070,0.331,2015
Sri Lanka,132,4.271,0.835,0.708,0.537,0.092,0.408,2015
Cameroon,133,4.252,0.423,0.234,0.493,0.058,0.206,2015
Bulgaria,134,4.218,1.012,0.766,0.306,0.009,0.119,2015
Egypt,135,4.194,0.882,0.617,0.173,0.063,0.113,2015
Yemen,136,4.077,0.546,0.401,0.356,0.079,0.091,2015
Angola,137,4.033,0.758,0.167,0.104,0.071,0.123,2015
Mali,138,3.995,0.261,0.206,0.389,0.124,0.188,2015
Congo (Brazzaville),139,3.989,0.679,0.311,0.415,0.117,0.124,2015
Comoros,140,3.956,0.239,0.363,0.229,0.199,0.174,2015
Uganda,141,3.931,0.211,0.339,0.457,0.073,0.291,2015
Senegal,142,3.904,0.365,0.435,0.368,0.107,0.208,2015
Gabon,143,3.896,1.060,0.434,0.319,0.111,0.068,2015
Niger,144,3.845,0.069,0.297,0.477,0.156,0.194,2015
Cambodia,145,3.819,0.460,0.611,0.662,0.072,0.404,2015
Tanzania,146,3.781,0.285,0.382,0.329,0.057,0.344,2015
Madagascar,147,3.681,0.208,0.467,0.192,0.081,0.213,2015
Central African Republic,148,3.678,0.079,0.067,0.489,0.083,0.238,2015
Chad,149,3.667,0.342,0.150,0.235,0.053,0.184,2015
Guinea,150,3.656,0.174,0.240,0.377,0.121,0.287,2015
Ivory Coast,151,3.655,0.465,0.152,0.469,0.179,0.202,2015
Burkina Faso,152,3.587,0.258,0.271,0.395,0.128,0.217,2015
Afghanistan,153,3.575,0.320,0.303,0.234,0.097,0.365,2015
Rwanda,154,3.465,0.222,0.429,0.592,0.552,0.226,2015
Benin,155,3.34,0.287,0.319,0.485,0.080,0.183,2015
Syria,156,3.006,0.663,0.722,0.157,0.189,0.472,2015
Burundi,157,2.905,0.015,0.224,0.119,0.101,0.197,2015
Togo,158,2.839,0.209,0.284,0.365,0.107,0.167,2015
Denmark,1,7.526,1.442,0.795,0.579,0.445,0.362,2016
Switzerland,2,7.509,1.527,0.863,0.586,0.412,0.281,2016
Iceland,3,7.501,1.427,0.867,0.566,0.150,0.477,2016
Norway,4,7.498,1.577,0.796,0.596,0.358,0.379,2016
Finland,5,7.413,1.406,0.811,0.571,0.410,0.255,2016
Canada,6,7.404,1.440,0.828,0.574,0.313,0.448,2016
Netherlands,7,7.339,1.465,0.812,0.552,0.299,0.474,2016
New Zealand,8,7.334,1.361,0.831,0.581,0.419,0.494,2016
Australia,9,7.313,1.444,0.851,0.568,0.323,0.474,2016
Sweden,10,7.291,1.452,0.831,0.582,0.409,0.383,2016
Israel,11,7.267,1.338,0.849,0.364,0.087,0.323,2016
Austria,12,7.119,1.450,0.806,0.544,0.213,0.329,2016
United States,13,7.104,1.508,0.779,0.482,0.149,0.411,2016
Costa Rica,14,7.087,1.069,0.761,0.552,0.105,0.226,2016
Puerto Rico,15,7.039,1.359,0.778,0.468,0.123,0.222,2016
Germany,16,6.994,1.448,0.815,0.535,0.286,0.305,2016
Brazil,17,6.952,1.088,0.614,0.404,0.142,0.158,2016
Belgium,18,6.929,1.425,0.820,0.514,0.262,0.242,2016
Ireland,19,6.907,1.483,0.815,0.540,0.298,0.450,2016
Luxembourg,20,6.871,1.698,0.845,0.549,0.353,0.276,2016
Mexico,21,6.778,1.115,0.711,0.377,0.184,0.117,2016
Singapore,22,6.739,1.646,0.947,0.488,0.470,0.327,2016
United Kingdom,23,6.725,1.403,0.810,0.500,0.274,0.502,2016
Chile,24,6.705,1.217,0.819,0.378,0.115,0.316,2016
Panama,25,6.701,1.183,0.708,0.489,0.084,0.242,2016
Argentina,26,6.65,1.151,0.697,0.423,0.073,0.110,2016
Czech Republic,27,6.596,1.309,0.764,0.414,0.040,0.099,2016
United Arab Emirates,28,6.573,1.574,0.730,0.562,0.356,0.266,2016
Uruguay,29,6.545,1.182,0.722,0.544,0.214,0.181,2016
Malta,30,6.488,1.308,0.803,0.550,0.176,0.562,2016
Colombia,31,6.481,1.030,0.597,0.447,0.054,0.156,2016
France,32,6.478,1.395,0.838,0.466,0.178,0.122,2016
Thailand,33,6.474,1.089,0.649,0.496,0.028,0.587,2016
Saudi Arabia,34,6.379,1.490,0.593,0.379,0.300,0.155,2016
Taiwan,34,6.379,1.397,0.796,0.324,0.066,0.255,2016
Qatar,36,6.375,1.824,0.717,0.567,0.480,0.324,2016
Spain,37,6.361,1.343,0.879,0.375,0.061,0.177,2016
Algeria,38,6.355,1.053,0.618,0.210,0.162,0.070,2016
Guatemala,39,6.324,0.835,0.540,0.504,0.087,0.288,2016
Suriname,40,6.269,1.097,0.509,0.522,0.127,0.167,2016
Kuwait,41,6.239,1.617,0.636,0.432,0.237,0.160,2016
Bahrain,42,6.218,1.440,0.657,0.474,0.258,0.171,2016
Trinidad and Tobago,43,6.168,1.326,0.526,0.485,0.012,0.319,2016
Venezuela,44,6.084,1.134,0.619,0.198,0.083,0.043,2016
Slovakia,45,6.078,1.280,0.704,0.234,0.029,0.138,2016
El Salvador,46,6.068,0.874,0.596,0.373,0.106,0.089,2016
Malaysia,47,6.005,1.251,0.624,0.390,0.091,0.415,2016
Nicaragua,48,5.992,0.694,0.652,0.466,0.163,0.298,2016
Uzbekistan,49,5.987,0.736,0.502,0.608,0.283,0.343,2016
Italy,50,5.977,1.355,0.851,0.188,0.026,0.167,2016
Ecuador,51,5.976,0.973,0.686,0.403,0.180,0.101,2016
Belize,52,5.956,0.876,0.456,0.512,0.108,0.237,2016
Japan,53,5.921,1.380,0.915,0.468,0.190,0.102,2016
Kazakhstan,54,5.919,1.229,0.574,0.405,0.111,0.150,2016
Moldova,55,5.897,0.692,0.523,0.252,0.019,0.200,2016
Russia,56,5.856,1.232,0.590,0.327,0.036,0.027,2016
Poland,57,5.835,1.246,0.691,0.452,0.055,0.144,2016
South Korea,57,5.835,1.359,0.886,0.252,0.077,0.188,2016
Bolivia,59,5.822,0.794,0.470,0.510,0.077,0.217,2016
Lithuania,60,5.813,1.269,0.647,0.189,0.018,0.020,2016
Belarus,61,5.802,1.131,0.631,0.291,0.175,0.139,2016
North Cyprus,62,5.771,1.311,0.841,0.436,0.166,0.263,2016
Slovenia,63,5.768,1.299,0.792,0.532,0.036,0.257,2016
Peru,64,5.743,0.996,0.630,0.375,0.053,0.145,2016
Turkmenistan,65,5.658,1.080,0.440,0.374,0.285,0.226,2016
Mauritius,66,5.648,1.144,0.662,0.461,0.052,0.370,2016
Libya,67,5.615,1.067,0.523,0.407,0.103,0.171,2016
Latvia,68,5.56,1.218,0.640,0.280,0.089,0.174,2016
Cyprus,69,5.546,1.319,0.849,0.295,0.052,0.279,2016
Paraguay,70,5.538,0.894,0.583,0.462,0.074,0.253,2016
Romania,71,5.528,1.170,0.676,0.367,0.007,0.129,2016
Estonia,72,5.517,1.280,0.681,0.415,0.185,0.084,2016
Jamaica,73,5.51,0.893,0.595,0.436,0.043,0.222,2016
Croatia,74,5.488,1.186,0.705,0.239,0.040,0.184,2016
Hong Kong,75,5.458,1.511,0.953,0.481,0.316,0.401,2016
Somalia,76,5.44,0.000,0.115,0.568,0.312,0.272,2016
Kosovo,77,5.401,0.901,0.540,0.144,0.065,0.280,2016
Turkey,78,5.389,1.165,0.647,0.239,0.123,0.047,2016
Indonesia,79,5.314,0.951,0.494,0.392,0.003,0.565,2016
Jordan,80,5.303,0.997,0.607,0.360,0.133,0.143,2016
Azerbaijan,81,5.291,1.124,0.545,0.353,0.179,0.056,2016
Philippines,82,5.279,0.812,0.470,0.549,0.118,0.217,2016
China,83,5.245,1.028,0.736,0.440,0.027,0.050,2016
Bhutan,84,5.196,0.853,0.498,0.461,0.162,0.485,2016
Kyrgyzstan,85,5.185,0.560,0.554,0.402,0.048,0.384,2016
Serbia,86,5.177,1.034,0.646,0.157,0.043,0.207,2016
Bosnia and Herzegovina,87,5.163,0.934,0.708,0.095,0.000,0.299,2016
Montenegro,88,5.161,1.078,0.635,0.151,0.127,0.172,2016
Dominican Republic,89,5.155,1.028,0.577,0.523,0.124,0.213,2016
Morocco,90,5.151,0.841,0.595,0.256,0.084,0.041,2016
Hungary,91,5.145,1.241,0.676,0.198,0.045,0.099,2016
Pakistan,92,5.132,0.688,0.403,0.146,0.139,0.312,2016
Lebanon,93,5.129,1.123,0.762,0.262,0.031,0.237,2016
Portugal,94,5.123,1.276,0.794,0.447,0.015,0.117,2016
Macedonia,95,5.121,1.019,0.647,0.277,0.070,0.235,2016
Vietnam,96,5.061,0.740,0.662,0.560,0.116,0.251,2016
Somaliland Region,97,5.057,0.256,0.331,0.391,0.368,0.515,2016
Tunisia,98,5.045,0.977,0.596,0.236,0.082,0.039,2016
Greece,99,5.033,1.249,0.800,0.058,0.041,0.000,2016
Tajikistan,100,4.996,0.488,0.531,0.434,0.135,0.260,2016
Mongolia,101,4.907,0.989,0.555,0.360,0.033,0.345,2016
Laos,102,4.876,0.680,0.383,0.522,0.224,0.431,2016
Nigeria,103,4.875,0.752,0.051,0.279,0.031,0.232,2016
Honduras,104,4.871,0.694,0.584,0.268,0.069,0.204,2016
Iran,105,4.813,1.118,0.642,0.225,0.056,0.385,2016
Zambia,106,4.795,0.612,0.236,0.427,0.115,0.179,2016
Nepal,107,4.793,0.446,0.501,0.370,0.070,0.382,2016
Palestinian Territories,108,4.754,0.670,0.568,0.177,0.106,0.112,2016
Albania,109,4.655,0.955,0.730,0.319,0.053,0.168,2016
Bangladesh,110,4.643,0.542,0.530,0.398,0.126,0.191,2016
Sierra Leone,111,4.635,0.365,0.000,0.307,0.082,0.239,2016
Iraq,112,4.575,1.075,0.511,0.249,0.136,0.196,2016
Namibia,113,4.574,0.933,0.347,0.486,0.104,0.078,2016
Cameroon,114,4.513,0.525,0.127,0.427,0.061,0.227,2016
Ethiopia,115,4.508,0.293,0.346,0.367,0.172,0.295,2016
South Africa,116,4.459,1.024,0.186,0.425,0.084,0.137,2016
Sri Lanka,117,4.415,0.973,0.620,0.508,0.080,0.470,2016
India,118,4.404,0.740,0.451,0.403,0.087,0.250,2016
Myanmar,119,4.395,0.341,0.399,0.427,0.202,0.820,2016
Egypt,120,4.362,0.954,0.521,0.188,0.104,0.127,2016
Armenia,121,4.36,0.861,0.641,0.140,0.036,0.078,2016
Kenya,122,4.356,0.523,0.301,0.406,0.067,0.413,2016
Ukraine,123,4.324,0.873,0.586,0.129,0.018,0.204,2016
Ghana,124,4.276,0.631,0.297,0.410,0.033,0.212,2016
Congo (Kinshasa),125,4.272,0.057,0.188,0.156,0.061,0.255,2016
Georgia,126,4.252,0.838,0.640,0.325,0.319,0.068,2016
Congo (Brazzaville),127,4.236,0.771,0.282,0.379,0.098,0.121,2016
Senegal,128,4.219,0.443,0.405,0.311,0.117,0.191,2016
Bulgaria,129,4.217,1.113,0.678,0.212,0.006,0.128,2016
Mauritania,130,4.201,0.614,0.286,0.127,0.180,0.227,2016
Zimbabwe,131,4.193,0.350,0.160,0.254,0.086,0.185,2016
Malawi,132,4.156,0.087,0.294,0.414,0.076,0.310,2016
Sudan,133,4.139,0.631,0.298,0.000,0.100,0.181,2016
Gabon,134,4.121,1.159,0.349,0.281,0.093,0.062,2016
Mali,135,4.073,0.313,0.163,0.275,0.136,0.211,2016
Haiti,136,4.028,0.341,0.275,0.121,0.145,0.480,2016
Botswana,137,3.974,1.094,0.348,0.441,0.108,0.124,2016
Comoros,138,3.956,0.275,0.300,0.154,0.184,0.183,2016
Ivory Coast,139,3.916,0.555,0.045,0.407,0.155,0.203,2016
Cambodia,140,3.907,0.556,0.425,0.589,0.081,0.403,2016
Angola,141,3.866,0.847,0.050,0.006,0.084,0.121,2016
Niger,142,3.856,0.133,0.262,0.380,0.172,0.210,2016
South Sudan,143,3.832,0.394,0.158,0.197,0.130,0.259,2016
Chad,144,3.763,0.422,0.038,0.128,0.050,0.187,2016
Burkina Faso,145,3.739,0.320,0.213,0.334,0.125,0.244,2016
Uganda,145,3.739,0.347,0.196,0.437,0.064,0.271,2016
Yemen,147,3.724,0.579,0.310,0.229,0.059,0.098,2016
Madagascar,148,3.695,0.280,0.371,0.137,0.075,0.220,2016
Tanzania,149,3.666,0.472,0.357,0.318,0.051,0.315,2016
Liberia,150,3.622,0.107,0.232,0.257,0.049,0.241,2016
Guinea,151,3.607,0.224,0.188,0.310,0.119,0.299,2016
Rwanda,152,3.515,0.328,0.319,0.543,0.505,0.236,2016
Benin,153,3.484,0.395,0.210,0.397,0.067,0.202,2016
Afghanistan,154,3.36,0.382,0.173,0.164,0.071,0.313,2016
Togo,155,3.303,0.281,0.248,0.347,0.116,0.175,2016
Syria,156,3.069,0.747,0.630,0.069,0.172,0.484,2016
Burundi,157,2.905,0.068,0.157,0.043,0.094,0.203,2016
Norway,1,7.537000179,1.616,0.797,0.635,0.362,0.316,2017
Denmark,2,7.521999836,1.482,0.793,0.626,0.355,0.401,2017
Iceland,3,7.504000187,1.481,0.834,0.627,0.476,0.154,2017
Switzerland,4,7.493999958,1.565,0.858,0.620,0.291,0.367,2017
Finland,5,7.468999863,1.444,0.809,0.618,0.245,0.383,2017
Netherlands,6,7.376999855,1.504,0.811,0.585,0.470,0.283,2017
Canada,7,7.315999985,1.479,0.835,0.611,0.436,0.287,2017
New Zealand,8,7.31400013,1.406,0.817,0.614,0.500,0.383,2017
Sweden,9,7.28399992,1.494,0.831,0.613,0.385,0.384,2017
Australia,10,7.28399992,1.484,0.844,0.602,0.478,0.301,2017
Israel,11,7.212999821,1.375,0.838,0.406,0.330,0.085,2017
Costa Rica,12,7.078999996,1.110,0.760,0.580,0.215,0.100,2017
Austria,13,7.006000042,1.487,0.815,0.568,0.316,0.221,2017
United States,14,6.993000031,1.546,0.774,0.506,0.393,0.136,2017
Ireland,15,6.977000237,1.536,0.810,0.573,0.428,0.298,2017
Germany,16,6.951000214,1.488,0.799,0.563,0.336,0.277,2017
Belgium,17,6.890999794,1.464,0.818,0.540,0.232,0.251,2017
Luxembourg,18,6.862999916,1.742,0.845,0.597,0.283,0.319,2017
United Kingdom,19,6.714000225,1.442,0.805,0.508,0.493,0.265,2017
Chile,20,6.65199995,1.253,0.819,0.377,0.327,0.082,2017
United Arab Emirates,21,6.647999763,1.626,0.727,0.608,0.361,0.324,2017
Brazil,22,6.635000229,1.107,0.617,0.437,0.162,0.111,2017
Czech Republic,23,6.609000206,1.353,0.754,0.491,0.088,0.037,2017
Argentina,24,6.598999977,1.185,0.695,0.495,0.109,0.060,2017
Mexico,25,6.578000069,1.153,0.710,0.413,0.121,0.133,2017
Singapore,26,6.572000027,1.692,0.949,0.550,0.346,0.464,2017
Malta,27,6.52699995,1.343,0.822,0.589,0.575,0.153,2017
Uruguay,28,6.453999996,1.218,0.719,0.579,0.175,0.178,2017
Guatemala,29,6.453999996,0.872,0.540,0.531,0.283,0.077,2017
Panama,30,6.452000141,1.234,0.706,0.550,0.211,0.071,2017
France,31,6.441999912,1.431,0.844,0.470,0.130,0.173,2017
Thailand,32,6.423999786,1.128,0.647,0.580,0.572,0.032,2017
Taiwan Province of China,33,6.421999931,1.434,0.794,0.361,0.258,0.064,2017
Spain,34,6.402999878,1.384,0.889,0.409,0.190,0.071,2017
Qatar,35,6.375,1.871,0.710,0.604,0.330,0.439,2017
Colombia,36,6.356999874,1.071,0.595,0.477,0.149,0.047,2017
Saudi Arabia,37,6.343999863,1.531,0.590,0.450,0.148,0.273,2017
Trinidad and Tobago,38,6.168000221,1.361,0.520,0.519,0.325,0.009,2017
Kuwait,39,6.105000019,1.633,0.632,0.496,0.228,0.215,2017
Slovakia,40,6.09800005,1.325,0.713,0.296,0.137,0.024,2017
Bahrain,41,6.086999893,1.488,0.653,0.537,0.173,0.257,2017
Malaysia,42,6.084000111,1.291,0.619,0.402,0.417,0.066,2017
Nicaragua,43,6.071000099,0.737,0.653,0.448,0.302,0.131,2017
Ecuador,44,6.007999897,1.001,0.686,0.455,0.150,0.140,2017
El Salvador,45,6.002999783,0.910,0.596,0.432,0.078,0.090,2017
Poland,46,5.97300005,1.292,0.699,0.520,0.158,0.059,2017
Uzbekistan,47,5.971000195,0.786,0.498,0.658,0.416,0.247,2017
Italy,48,5.964000225,1.395,0.853,0.256,0.173,0.028,2017
Russia,49,5.962999821,1.282,0.547,0.374,0.052,0.033,2017
Belize,50,5.955999851,0.908,0.450,0.548,0.240,0.097,2017
Japan,51,5.920000076,1.417,0.913,0.506,0.121,0.164,2017
Lithuania,52,5.90199995,1.315,0.629,0.234,0.010,0.012,2017
Algeria,53,5.872000217,1.092,0.618,0.233,0.069,0.146,2017
Latvia,54,5.849999905,1.261,0.639,0.326,0.153,0.074,2017
South Korea,55,5.837999821,1.402,0.900,0.258,0.207,0.063,2017
Moldova,56,5.837999821,0.729,0.589,0.241,0.209,0.010,2017
Romania,57,5.824999809,1.218,0.685,0.457,0.134,0.004,2017
Bolivia,58,5.822999954,0.834,0.474,0.559,0.226,0.060,2017
Turkmenistan,59,5.822000027,1.131,0.438,0.418,0.250,0.259,2017
Kazakhstan,60,5.818999767,1.285,0.606,0.437,0.202,0.119,2017
North Cyprus,61,5.809999943,1.347,0.835,0.471,0.267,0.155,2017
Slovenia,62,5.757999897,1.341,0.791,0.573,0.243,0.045,2017
Peru,63,5.715000153,1.035,0.630,0.450,0.127,0.047,2017
Mauritius,64,5.629000187,1.189,0.638,0.491,0.361,0.042,2017
Cyprus,65,5.620999813,1.356,0.845,0.355,0.271,0.041,2017
Estonia,66,5.611000061,1.321,0.695,0.479,0.099,0.183,2017
Belarus,67,5.568999767,1.157,0.638,0.295,0.155,0.156,2017
Libya,68,5.525000095,1.102,0.520,0.466,0.152,0.093,2017
Turkey,69,5.5,1.198,0.638,0.301,0.047,0.100,2017
Paraguay,70,5.493000031,0.933,0.579,0.474,0.224,0.091,2017
"Hong Kong S.A.R., China",71,5.472000122,1.552,0.943,0.491,0.374,0.294,2017
Philippines,72,5.429999828,0.858,0.468,0.585,0.194,0.099,2017
Serbia,73,5.394999981,1.069,0.651,0.209,0.220,0.041,2017
Jordan,74,5.335999966,0.991,0.605,0.418,0.172,0.120,2017
Hungary,75,5.323999882,1.286,0.688,0.176,0.078,0.037,2017
Jamaica,76,5.31099987,0.926,0.641,0.474,0.234,0.055,2017
Croatia,77,5.293000221,1.223,0.701,0.256,0.248,0.043,2017
Kosovo,78,5.278999805,0.951,0.541,0.260,0.320,0.057,2017
China,79,5.272999763,1.081,0.741,0.473,0.029,0.023,2017
Pakistan,80,5.269000053,0.727,0.402,0.235,0.315,0.124,2017
Indonesia,81,5.262000084,0.996,0.492,0.443,0.612,0.015,2017
Venezuela,82,5.25,1.128,0.617,0.154,0.065,0.064,2017
Montenegro,83,5.236999989,1.121,0.667,0.195,0.198,0.088,2017
Morocco,84,5.235000134,0.878,0.598,0.408,0.032,0.088,2017
Azerbaijan,85,5.234000206,1.154,0.541,0.398,0.045,0.181,2017
Dominican Republic,86,5.230000019,1.079,0.575,0.553,0.187,0.114,2017
Greece,87,5.227000237,1.289,0.810,0.096,0.000,0.043,2017
Lebanon,88,5.224999905,1.075,0.735,0.289,0.264,0.038,2017
Portugal,89,5.195000172,1.315,0.796,0.498,0.095,0.016,2017
Bosnia and Herzegovina,90,5.18200016,0.982,0.705,0.204,0.329,0.000,2017
Honduras,91,5.181000233,0.731,0.583,0.348,0.236,0.073,2017
Macedonia,92,5.175000191,1.065,0.645,0.326,0.254,0.060,2017
Somalia,93,5.151000023,0.023,0.114,0.602,0.292,0.282,2017
Vietnam,94,5.073999882,0.789,0.652,0.571,0.235,0.088,2017
Nigeria,95,5.073999882,0.784,0.057,0.395,0.231,0.026,2017
Tajikistan,96,5.040999889,0.525,0.529,0.472,0.249,0.146,2017
Bhutan,97,5.011000156,0.885,0.496,0.502,0.474,0.173,2017
Kyrgyzstan,98,5.004000187,0.596,0.553,0.455,0.429,0.039,2017
Nepal,99,4.961999893,0.480,0.504,0.440,0.394,0.073,2017
Mongolia,100,4.954999924,1.027,0.558,0.394,0.338,0.033,2017
South Africa,101,4.828999996,1.055,0.187,0.479,0.139,0.073,2017
Tunisia,102,4.804999828,1.007,0.613,0.290,0.050,0.087,2017
Palestinian Territories,103,4.775000095,0.716,0.566,0.255,0.114,0.089,2017
Egypt,104,4.735000134,0.990,0.520,0.282,0.129,0.114,2017
Bulgaria,105,4.714000225,1.161,0.708,0.289,0.113,0.011,2017
Sierra Leone,106,4.709000111,0.368,0.006,0.319,0.293,0.071,2017
Cameroon,107,4.695000172,0.564,0.133,0.430,0.236,0.051,2017
Iran,108,4.691999912,1.157,0.639,0.249,0.387,0.049,2017
Albania,109,4.644000053,0.996,0.731,0.381,0.201,0.040,2017
Bangladesh,110,4.607999802,0.587,0.533,0.478,0.172,0.124,2017
Namibia,111,4.573999882,0.964,0.339,0.520,0.077,0.093,2017
Kenya,112,4.552999973,0.560,0.310,0.453,0.445,0.065,2017
Mozambique,113,4.550000191,0.234,0.107,0.481,0.322,0.179,2017
Myanmar,114,4.545000076,0.367,0.398,0.514,0.838,0.189,2017
Senegal,115,4.534999847,0.479,0.409,0.378,0.183,0.115,2017
Zambia,116,4.513999939,0.636,0.258,0.462,0.250,0.078,2017
Iraq,117,4.497000217,1.103,0.501,0.289,0.200,0.107,2017
Gabon,118,4.465000153,1.198,0.357,0.312,0.044,0.076,2017
Ethiopia,119,4.460000038,0.339,0.353,0.409,0.313,0.165,2017
Sri Lanka,120,4.440000057,1.010,0.625,0.561,0.491,0.074,2017
Armenia,121,4.375999928,0.901,0.638,0.198,0.083,0.027,2017
India,122,4.315000057,0.792,0.455,0.470,0.232,0.092,2017
Mauritania,123,4.291999817,0.648,0.285,0.096,0.202,0.137,2017
Congo (Brazzaville),124,4.290999889,0.809,0.290,0.435,0.121,0.080,2017
Georgia,125,4.285999775,0.951,0.650,0.309,0.054,0.252,2017
Congo (Kinshasa),126,4.28000021,0.092,0.191,0.236,0.246,0.060,2017
Mali,127,4.190000057,0.476,0.169,0.307,0.183,0.105,2017
Ivory Coast,128,4.179999828,0.603,0.049,0.448,0.201,0.130,2017
Cambodia,129,4.168000221,0.602,0.430,0.633,0.386,0.068,2017
Sudan,130,4.138999939,0.660,0.291,0.015,0.182,0.090,2017
Ghana,131,4.119999886,0.667,0.296,0.423,0.257,0.025,2017
Ukraine,132,4.096000195,0.895,0.576,0.123,0.270,0.023,2017
Uganda,133,4.080999851,0.381,0.218,0.443,0.326,0.057,2017
Burkina Faso,134,4.032000065,0.350,0.216,0.324,0.251,0.120,2017
Niger,135,4.027999878,0.162,0.269,0.364,0.229,0.139,2017
Malawi,136,3.970000029,0.233,0.315,0.467,0.287,0.073,2017
Chad,137,3.936000109,0.438,0.041,0.162,0.216,0.054,2017
Zimbabwe,138,3.875,0.376,0.197,0.336,0.189,0.095,2017
Lesotho,139,3.808000088,0.521,0.000,0.391,0.157,0.119,2017
Angola,140,3.795000076,0.858,0.050,0.000,0.098,0.070,2017
Afghanistan,141,3.79399991,0.401,0.181,0.106,0.312,0.061,2017
Botswana,142,3.766000032,1.122,0.342,0.505,0.099,0.099,2017
Benin,143,3.657000065,0.431,0.210,0.426,0.208,0.061,2017
Madagascar,144,3.644000053,0.306,0.375,0.189,0.209,0.067,2017
Haiti,145,3.602999926,0.369,0.277,0.030,0.489,0.100,2017
Yemen,146,3.592999935,0.592,0.310,0.249,0.104,0.057,2017
South Sudan,147,3.59100008,0.397,0.163,0.147,0.286,0.117,2017
Liberia,148,3.532999992,0.119,0.230,0.333,0.267,0.039,2017
Guinea,149,3.506999969,0.245,0.194,0.349,0.265,0.111,2017
Togo,150,3.494999886,0.305,0.247,0.380,0.197,0.096,2017
Rwanda,151,3.470999956,0.369,0.326,0.582,0.253,0.455,2017
Syria,152,3.461999893,0.777,0.501,0.082,0.494,0.151,2017
Tanzania,153,3.348999977,0.511,0.365,0.390,0.354,0.066,2017
Burundi,154,2.904999971,0.092,0.152,0.060,0.204,0.084,2017
Central African Republic,155,2.693000078,0.000,0.019,0.271,0.281,0.057,2017
Finland,1,7.632,1.305,0.874,0.681,0.393,0.202,2018
Norway,2,7.594,1.456,0.861,0.686,0.340,0.286,2018
Denmark,3,7.555,1.351,0.868,0.683,0.408,0.284,2018
Iceland,4,7.495,1.343,0.914,0.677,0.138,0.353,2018
Switzerland,5,7.487,1.420,0.927,0.660,0.357,0.256,2018
Netherlands,6,7.441,1.361,0.878,0.638,0.295,0.333,2018
Canada,7,7.328,1.330,0.896,0.653,0.291,0.321,2018
New Zealand,8,7.324,1.268,0.876,0.669,0.389,0.365,2018
Sweden,9,7.314,1.355,0.913,0.659,0.383,0.285,2018
Australia,10,7.272,1.340,0.910,0.647,0.302,0.361,2018
United Kingdom,11,7.19,1.244,0.888,0.464,0.082,0.262,2018
Austria,12,7.139,1.341,0.891,0.617,0.224,0.242,2018
Costa Rica,13,7.072,1.010,0.817,0.632,0.101,0.143,2018
Ireland,14,6.977,1.448,0.876,0.614,0.306,0.307,2018
Germany,15,6.965,1.340,0.861,0.586,0.280,0.273,2018
Belgium,16,6.927,1.324,0.894,0.583,0.240,0.188,2018
Luxembourg,17,6.91,1.576,0.896,0.632,0.321,0.196,2018
United States,18,6.886,1.398,0.819,0.547,0.133,0.291,2018
Israel,19,6.814,1.301,0.883,0.533,0.272,0.354,2018
Czech Republic,21,6.711,1.233,0.854,0.543,0.034,0.064,2018
Malta,22,6.627,1.270,0.884,0.645,0.142,0.376,2018
France,23,6.489,1.293,0.908,0.520,0.176,0.098,2018
Mexico,24,6.488,1.038,0.761,0.479,0.095,0.069,2018
Chile,25,6.476,1.131,0.808,0.431,0.061,0.197,2018
Taiwan,26,6.441,1.365,0.857,0.418,0.078,0.151,2018
Panama,27,6.43,1.112,0.759,0.597,0.063,0.125,2018
Brazil,28,6.419,0.986,0.675,0.493,0.088,0.110,2018
Argentina,29,6.388,1.073,0.744,0.570,0.054,0.062,2018
Guatemala,30,6.382,0.781,0.608,0.604,0.071,0.179,2018
Uruguay,31,6.379,1.093,0.771,0.625,0.155,0.130,2018
Qatar,32,6.374,1.649,0.748,0.654,0.171,0.256,2018
Saudi Arabia,33,6.371,1.379,0.633,0.509,0.127,0.098,2018
Singapore,34,6.343,1.529,1.008,0.631,0.457,0.261,2018
Malaysia,35,6.322,1.161,0.669,0.356,0.059,0.311,2018
Spain,36,6.31,1.251,0.965,0.449,0.074,0.142,2018
Colombia,37,6.26,0.960,0.635,0.531,0.039,0.099,2018
Trinidad & Tobago,38,6.192,1.223,0.564,0.575,0.019,0.171,2018
Slovakia,39,6.173,1.210,0.776,0.354,0.014,0.118,2018
El Salvador,40,6.167,0.806,0.639,0.461,0.082,0.065,2018
Nicaragua,41,6.141,0.668,0.700,0.527,0.128,0.208,2018
Poland,42,6.123,1.176,0.781,0.546,0.064,0.108,2018
Bahrain,43,6.105,1.338,0.698,0.594,0.123,0.243,2018
Uzbekistan,44,6.096,0.719,0.605,0.724,0.259,0.328,2018
Kuwait,45,6.083,1.474,0.675,0.554,0.106,0.167,2018
Thailand,46,6.072,1.016,0.707,0.637,0.029,0.364,2018
Italy,47,6,1.264,0.946,0.281,0.028,0.137,2018
Ecuador,48,5.973,0.889,0.736,0.556,0.120,0.114,2018
Belize,49,5.956,0.807,0.474,0.593,0.089,0.183,2018
Lithuania,50,5.952,1.197,0.716,0.350,0.006,0.026,2018
Slovenia,51,5.948,1.219,0.856,0.633,0.051,0.160,2018
Romania,52,5.945,1.116,0.726,0.528,0.001,0.088,2018
Latvia,53,5.933,1.148,0.671,0.363,0.066,0.092,2018
Japan,54,5.915,1.294,0.988,0.553,0.150,0.079,2018
Mauritius,55,5.891,1.090,0.684,0.584,0.050,0.245,2018
Jamaica,56,5.89,0.819,0.693,0.575,0.031,0.096,2018
South Korea,57,5.875,1.266,0.955,0.244,0.051,0.175,2018
Northern Cyprus,58,5.835,1.229,0.909,0.495,0.154,0.179,2018
Russia,59,5.81,1.151,0.599,0.399,0.025,0.065,2018
Kazakhstan,60,5.79,1.143,0.631,0.454,0.121,0.148,2018
Cyprus,61,5.762,1.229,0.909,0.423,0.035,0.202,2018
Bolivia,62,5.752,0.751,0.508,0.606,0.054,0.141,2018
Estonia,63,5.739,1.200,0.737,0.553,0.174,0.086,2018
Paraguay,64,5.681,0.835,0.615,0.541,0.074,0.162,2018
Peru,65,5.663,0.934,0.674,0.530,0.034,0.092,2018
Kosovo,66,5.662,0.855,0.578,0.448,0.023,0.274,2018
Moldova,67,5.64,0.657,0.620,0.232,0.000,0.171,2018
Turkmenistan,68,5.636,1.016,0.517,0.417,0.037,0.199,2018
Hungary,69,5.62,1.171,0.732,0.259,0.022,0.061,2018
Libya,70,5.566,0.985,0.553,0.496,0.148,0.116,2018
Philippines,71,5.524,0.775,0.513,0.643,0.105,0.120,2018
Honduras,72,5.504,0.620,0.622,0.459,0.074,0.197,2018
Belarus,73,5.483,1.039,0.700,0.307,0.154,0.101,2018
Turkey,74,5.483,1.148,0.686,0.324,0.109,0.106,2018
Pakistan,75,5.472,0.652,0.424,0.334,0.113,0.216,2018
Hong Kong,76,5.43,1.405,1.030,0.524,0.291,0.246,2018
Portugal,77,5.41,1.188,0.884,0.562,0.017,0.055,2018
Serbia,78,5.398,0.975,0.685,0.288,0.043,0.134,2018
Greece,79,5.358,1.154,0.879,0.131,0.044,0.000,2018
Lebanon,80,5.358,0.965,0.785,0.503,0.136,0.214,2018
Montenegro,81,5.347,1.017,0.729,0.259,0.081,0.111,2018
Croatia,82,5.321,1.115,0.737,0.380,0.039,0.120,2018
Dominican Republic,83,5.302,0.982,0.614,0.578,0.106,0.120,2018
Algeria,84,5.295,0.979,0.687,0.077,0.135,0.055,2018
Morocco,85,5.254,0.779,0.669,0.460,0.074,0.026,2018
China,86,5.246,0.989,0.799,0.597,0.103,0.029,2018
Azerbaijan,87,5.201,1.024,0.603,0.430,0.176,0.031,2018
Tajikistan,88,5.199,0.474,0.598,0.292,0.034,0.187,2018
Macedonia,89,5.185,0.959,0.691,0.394,0.052,0.173,2018
Jordan,90,5.161,0.822,0.645,0.468,0.134,0.130,2018
Nigeria,91,5.155,0.689,0.048,0.462,0.032,0.201,2018
Kyrgyzstan,92,5.131,0.530,0.594,0.540,0.035,0.281,2018
Bosnia and Herzegovina,93,5.129,0.915,0.758,0.280,0.000,0.216,2018
Mongolia,94,5.125,0.914,0.575,0.395,0.032,0.253,2018
Vietnam,95,5.103,0.715,0.702,0.618,0.079,0.177,2018
Indonesia,96,5.093,0.899,0.522,0.538,0.018,0.484,2018
Bhutan,97,5.082,0.796,0.527,0.541,0.171,0.364,2018
Somalia,98,4.982,0.000,0.115,0.674,0.282,0.238,2018
Cameroon,99,4.975,0.535,0.182,0.454,0.043,0.183,2018
Bulgaria,100,4.933,1.054,0.712,0.359,0.009,0.064,2018
Nepal,101,4.88,0.425,0.539,0.526,0.078,0.302,2018
Venezuela,102,4.806,0.996,0.657,0.133,0.052,0.056,2018
Gabon,103,4.758,1.036,0.404,0.356,0.052,0.032,2018
Palestinian Territories,104,4.743,0.642,0.602,0.266,0.076,0.086,2018
South Africa,105,4.724,0.940,0.330,0.516,0.056,0.103,2018
Iran,106,4.707,1.059,0.691,0.459,0.129,0.282,2018
Ivory Coast,107,4.671,0.541,0.080,0.467,0.103,0.146,2018
Ghana,108,4.657,0.592,0.337,0.499,0.029,0.212,2018
Senegal,109,4.631,0.429,0.433,0.406,0.082,0.138,2018
Laos,110,4.623,0.720,0.441,0.626,0.174,0.230,2018
Tunisia,111,4.592,0.900,0.690,0.271,0.063,0.040,2018
Albania,112,4.586,0.916,0.790,0.419,0.032,0.149,2018
Sierra Leone,113,4.571,0.256,0.000,0.355,0.053,0.238,2018
Congo (Brazzaville),114,4.559,0.682,0.343,0.514,0.077,0.091,2018
Bangladesh,115,4.5,0.532,0.579,0.580,0.144,0.153,2018
Sri Lanka,116,4.471,0.918,0.672,0.585,0.050,0.307,2018
Iraq,117,4.456,1.010,0.536,0.304,0.095,0.148,2018
Mali,118,4.447,0.370,0.152,0.367,0.056,0.139,2018
Namibia,119,4.441,0.874,0.365,0.519,0.064,0.051,2018
Cambodia,120,4.433,0.549,0.457,0.696,0.065,0.256,2018
Burkina Faso,121,4.424,0.314,0.254,0.312,0.128,0.175,2018
Egypt,122,4.419,0.885,0.553,0.312,0.107,0.092,2018
Mozambique,123,4.417,0.198,0.173,0.531,0.158,0.206,2018
Kenya,124,4.41,0.493,0.454,0.504,0.055,0.352,2018
Zambia,125,4.377,0.562,0.295,0.503,0.082,0.221,2018
Mauritania,126,4.356,0.557,0.292,0.129,0.093,0.134,2018
Ethiopia,127,4.35,0.308,0.391,0.452,0.146,0.220,2018
Georgia,128,4.34,0.853,0.643,0.375,0.215,0.038,2018
Armenia,129,4.321,0.816,0.666,0.260,0.028,0.077,2018
Myanmar,130,4.308,0.682,0.429,0.580,0.178,0.598,2018
Chad,131,4.301,0.358,0.053,0.189,0.060,0.181,2018
Congo (Kinshasa),132,4.245,0.069,0.204,0.312,0.052,0.197,2018
India,133,4.19,0.721,0.485,0.539,0.093,0.172,2018
Niger,134,4.166,0.131,0.221,0.390,0.099,0.175,2018
Uganda,135,4.161,0.322,0.237,0.450,0.061,0.259,2018
Benin,136,4.141,0.378,0.240,0.440,0.067,0.163,2018
Sudan,137,4.139,0.605,0.312,0.016,0.082,0.134,2018
Ukraine,138,4.103,0.793,0.609,0.163,0.011,0.187,2018
Togo,139,3.999,0.259,0.253,0.434,0.101,0.158,2018
Guinea,140,3.964,0.344,0.211,0.394,0.094,0.185,2018
Lesotho,141,3.808,0.472,0.079,0.423,0.112,0.116,2018
Angola,142,3.795,0.730,0.269,0.000,0.061,0.079,2018
Madagascar,143,3.774,0.262,0.402,0.221,0.049,0.155,2018
Zimbabwe,144,3.692,0.357,0.248,0.406,0.099,0.132,2018
Afghanistan,145,3.632,0.332,0.255,0.085,0.036,0.191,2018
Botswana,146,3.59,1.017,0.417,0.557,0.092,0.042,2018
Malawi,147,3.587,0.186,0.306,0.531,0.080,0.210,2018
Haiti,148,3.582,0.315,0.289,0.025,0.104,0.392,2018
Liberia,149,3.495,0.076,0.267,0.419,0.030,0.206,2018
Syria,150,3.462,0.689,0.539,0.088,0.144,0.376,2018
Rwanda,151,3.408,0.332,0.400,0.636,0.444,0.200,2018
Yemen,152,3.355,0.442,0.343,0.244,0.064,0.083,2018
Tanzania,153,3.303,0.455,0.381,0.481,0.097,0.270,2018
South Sudan,154,3.254,0.337,0.177,0.112,0.106,0.224,2018
Central African Republic,155,3.083,0.024,0.010,0.305,0.038,0.218,2018
Burundi,156,2.905,0.091,0.145,0.065,0.076,0.149,2018
Finland,1,7.769,1.340,0.986,0.596,0.393,0.153,2019
Denmark,2,7.6,1.383,0.996,0.592,0.410,0.252,2019
Norway,3,7.554,1.488,1.028,0.603,0.341,0.271,2019
Iceland,4,7.494,1.380,1.026,0.591,0.118,0.354,2019
Netherlands,5,7.488,1.396,0.999,0.557,0.298,0.322,2019
Switzerland,6,7.48,1.452,1.052,0.572,0.343,0.263,2019
Sweden,7,7.343,1.387,1.009,0.574,0.373,0.267,2019
New Zealand,8,7.307,1.303,1.026,0.585,0.380,0.330,2019
Canada,9,7.278,1.365,1.039,0.584,0.308,0.285,2019
Austria,10,7.246,1.376,1.016,0.532,0.226,0.244,2019
Australia,11,7.228,1.372,1.036,0.557,0.290,0.332,2019
Costa Rica,12,7.167,1.034,0.963,0.558,0.093,0.144,2019
Israel,13,7.139,1.276,1.029,0.371,0.082,0.261,2019
Luxembourg,14,7.09,1.609,1.012,0.526,0.316,0.194,2019
United Kingdom,15,7.054,1.333,0.996,0.450,0.278,0.348,2019
Ireland,16,7.021,1.499,0.999,0.516,0.310,0.298,2019
Germany,17,6.985,1.373,0.987,0.495,0.265,0.261,2019
Belgium,18,6.923,1.356,0.986,0.473,0.210,0.160,2019
United States,19,6.892,1.433,0.874,0.454,0.128,0.280,2019
Czech Republic,20,6.852,1.269,0.920,0.457,0.036,0.046,2019
United Arab Emirates,21,6.825,1.503,0.825,0.598,0.182,0.262,2019
Malta,22,6.726,1.300,0.999,0.564,0.151,0.375,2019
Mexico,23,6.595,1.070,0.861,0.433,0.073,0.074,2019
France,24,6.592,1.324,1.045,0.436,0.183,0.111,2019
Taiwan,25,6.446,1.368,0.914,0.351,0.097,0.242,2019
Chile,26,6.444,1.159,0.920,0.357,0.056,0.187,2019
Guatemala,27,6.436,0.800,0.746,0.535,0.078,0.175,2019
Saudi Arabia,28,6.375,1.403,0.795,0.439,0.132,0.080,2019
Qatar,29,6.374,1.684,0.871,0.555,0.167,0.220,2019
Spain,30,6.354,1.286,1.062,0.362,0.079,0.153,2019
Panama,31,6.321,1.149,0.910,0.516,0.054,0.109,2019
Brazil,32,6.3,1.004,0.802,0.390,0.086,0.099,2019
Uruguay,33,6.293,1.124,0.891,0.523,0.150,0.127,2019
Singapore,34,6.262,1.572,1.141,0.556,0.453,0.271,2019
El Salvador,35,6.253,0.794,0.789,0.430,0.074,0.093,2019
Italy,36,6.223,1.294,1.039,0.231,0.030,0.158,2019
Bahrain,37,6.199,1.362,0.871,0.536,0.110,0.255,2019
Slovakia,38,6.198,1.246,0.881,0.334,0.014,0.121,2019
Trinidad & Tobago,39,6.192,1.231,0.713,0.489,0.016,0.185,2019
Poland,40,6.182,1.206,0.884,0.483,0.050,0.117,2019
Uzbekistan,41,6.174,0.745,0.756,0.631,0.240,0.322,2019
Lithuania,42,6.149,1.238,0.818,0.291,0.042,0.043,2019
Colombia,43,6.125,0.985,0.841,0.470,0.034,0.099,2019
Slovenia,44,6.118,1.258,0.953,0.564,0.057,0.144,2019
Nicaragua,45,6.105,0.694,0.835,0.435,0.127,0.200,2019
Kosovo,46,6.1,0.882,0.758,0.489,0.006,0.262,2019
Argentina,47,6.086,1.092,0.881,0.471,0.050,0.066,2019
Romania,48,6.07,1.162,0.825,0.462,0.005,0.083,2019
Cyprus,49,6.046,1.263,1.042,0.406,0.041,0.190,2019
Ecuador,50,6.028,0.912,0.868,0.498,0.087,0.126,2019
Kuwait,51,6.021,1.500,0.808,0.493,0.097,0.142,2019
Thailand,52,6.008,1.050,0.828,0.557,0.028,0.359,2019
Latvia,53,5.94,1.187,0.812,0.264,0.064,0.075,2019
South Korea,54,5.895,1.301,1.036,0.159,0.056,0.175,2019
Estonia,55,5.893,1.237,0.874,0.495,0.161,0.103,2019
Jamaica,56,5.89,0.831,0.831,0.490,0.028,0.107,2019
Mauritius,57,5.888,1.120,0.798,0.498,0.060,0.215,2019
Japan,58,5.886,1.327,1.088,0.445,0.140,0.069,2019
Honduras,59,5.86,0.642,0.828,0.507,0.078,0.246,2019
Kazakhstan,60,5.809,1.173,0.729,0.410,0.096,0.146,2019
Bolivia,61,5.779,0.776,0.706,0.511,0.064,0.137,2019
Hungary,62,5.758,1.201,0.828,0.199,0.020,0.081,2019
Paraguay,63,5.743,0.855,0.777,0.514,0.080,0.184,2019
Northern Cyprus,64,5.718,1.263,1.042,0.417,0.162,0.191,2019
Peru,65,5.697,0.960,0.854,0.455,0.027,0.083,2019
Portugal,66,5.693,1.221,0.999,0.508,0.025,0.047,2019
Pakistan,67,5.653,0.677,0.535,0.313,0.098,0.220,2019
Russia,68,5.648,1.183,0.726,0.334,0.031,0.082,2019
Philippines,69,5.631,0.807,0.657,0.558,0.107,0.117,2019
Serbia,70,5.603,1.004,0.854,0.282,0.039,0.137,2019
Moldova,71,5.529,0.685,0.739,0.245,0.000,0.181,2019
Libya,72,5.525,1.044,0.673,0.416,0.152,0.133,2019
Montenegro,73,5.523,1.051,0.871,0.197,0.080,0.142,2019
Tajikistan,74,5.467,0.493,0.718,0.389,0.144,0.230,2019
Croatia,75,5.432,1.155,0.914,0.296,0.022,0.119,2019
Hong Kong,76,5.43,1.438,1.122,0.440,0.287,0.258,2019
Dominican Republic,77,5.425,1.015,0.779,0.497,0.101,0.113,2019
Bosnia and Herzegovina,78,5.386,0.945,0.845,0.212,0.006,0.263,2019
Turkey,79,5.373,1.183,0.808,0.195,0.106,0.083,2019
Malaysia,80,5.339,1.221,0.828,0.508,0.024,0.260,2019
Belarus,81,5.323,1.067,0.789,0.235,0.142,0.094,2019
Greece,82,5.287,1.181,0.999,0.067,0.034,0.000,2019
Mongolia,83,5.285,0.948,0.667,0.317,0.038,0.235,2019
North Macedonia,84,5.274,0.983,0.838,0.345,0.034,0.185,2019
Nigeria,85,5.265,0.696,0.245,0.426,0.041,0.215,2019
Kyrgyzstan,86,5.261,0.551,0.723,0.508,0.023,0.300,2019
Turkmenistan,87,5.247,1.052,0.657,0.394,0.028,0.244,2019
Algeria,88,5.211,1.002,0.785,0.086,0.114,0.073,2019
Morocco,89,5.208,0.801,0.782,0.418,0.076,0.036,2019
Azerbaijan,90,5.208,1.043,0.769,0.351,0.182,0.035,2019
Lebanon,91,5.197,0.987,0.815,0.216,0.027,0.166,2019
Indonesia,92,5.192,0.931,0.660,0.491,0.028,0.498,2019
China,93,5.191,1.029,0.893,0.521,0.100,0.058,2019
Vietnam,94,5.175,0.741,0.851,0.543,0.073,0.147,2019
Bhutan,95,5.082,0.813,0.604,0.457,0.167,0.370,2019
Cameroon,96,5.044,0.549,0.331,0.381,0.037,0.187,2019
Bulgaria,97,5.011,1.092,0.815,0.311,0.004,0.081,2019
Ghana,98,4.996,0.611,0.486,0.381,0.040,0.245,2019
Ivory Coast,99,4.944,0.569,0.232,0.352,0.090,0.154,2019
Nepal,100,4.913,0.446,0.677,0.439,0.089,0.285,2019
Jordan,101,4.906,0.837,0.815,0.383,0.130,0.110,2019
Benin,102,4.883,0.393,0.397,0.349,0.082,0.175,2019
Congo (Brazzaville),103,4.812,0.673,0.508,0.372,0.093,0.105,2019
Gabon,104,4.799,1.057,0.571,0.295,0.055,0.043,2019
Laos,105,4.796,0.764,0.551,0.547,0.164,0.266,2019
South Africa,106,4.722,0.960,0.469,0.389,0.055,0.130,2019
Albania,107,4.719,0.947,0.874,0.383,0.027,0.178,2019
Venezuela,108,4.707,0.960,0.805,0.154,0.047,0.064,2019
Cambodia,109,4.7,0.574,0.637,0.609,0.062,0.232,2019
Palestinian Territories,110,4.696,0.657,0.672,0.225,0.066,0.103,2019
Senegal,111,4.681,0.450,0.571,0.292,0.072,0.153,2019
Somalia,112,4.668,0.000,0.268,0.559,0.270,0.243,2019
Namibia,113,4.639,0.879,0.477,0.401,0.056,0.070,2019
Niger,114,4.628,0.138,0.366,0.318,0.102,0.188,2019
Burkina Faso,115,4.587,0.331,0.380,0.255,0.113,0.177,2019
Armenia,116,4.559,0.850,0.815,0.283,0.064,0.095,2019
Iran,117,4.548,1.100,0.785,0.305,0.125,0.270,2019
Guinea,118,4.534,0.380,0.375,0.332,0.086,0.207,2019
Georgia,119,4.519,0.886,0.752,0.346,0.164,0.043,2019
Gambia,120,4.516,0.308,0.428,0.382,0.167,0.269,2019
Kenya,121,4.509,0.512,0.581,0.431,0.053,0.372,2019
Mauritania,122,4.49,0.570,0.489,0.066,0.088,0.106,2019
Mozambique,123,4.466,0.204,0.390,0.494,0.138,0.197,2019
Tunisia,124,4.461,0.921,0.815,0.167,0.055,0.059,2019
Bangladesh,125,4.456,0.562,0.723,0.527,0.143,0.166,2019
Iraq,126,4.437,1.043,0.574,0.241,0.089,0.148,2019
Congo (Kinshasa),127,4.418,0.094,0.357,0.269,0.053,0.212,2019
Mali,128,4.39,0.385,0.308,0.327,0.052,0.153,2019
Sierra Leone,129,4.374,0.268,0.242,0.309,0.045,0.252,2019
Sri Lanka,130,4.366,0.949,0.831,0.470,0.047,0.244,2019
Myanmar,131,4.36,0.710,0.555,0.525,0.172,0.566,2019
Chad,132,4.35,0.350,0.192,0.174,0.078,0.198,2019
Ukraine,133,4.332,0.820,0.739,0.178,0.010,0.187,2019
Ethiopia,134,4.286,0.336,0.532,0.344,0.100,0.209,2019
Swaziland,135,4.212,0.811,0.000,0.313,0.135,0.074,2019
Uganda,136,4.189,0.332,0.443,0.356,0.060,0.252,2019
Egypt,137,4.166,0.913,0.644,0.241,0.067,0.076,2019
Zambia,138,4.107,0.578,0.426,0.431,0.087,0.247,2019
Togo,139,4.085,0.275,0.410,0.293,0.085,0.177,2019
India,140,4.015,0.755,0.588,0.498,0.085,0.200,2019
Liberia,141,3.975,0.073,0.443,0.370,0.033,0.233,2019
Comoros,142,3.973,0.274,0.505,0.142,0.078,0.275,2019
Madagascar,143,3.933,0.274,0.555,0.148,0.041,0.169,2019
Lesotho,144,3.802,0.489,0.168,0.359,0.093,0.107,2019
Burundi,145,3.775,0.046,0.380,0.220,0.180,0.176,2019
Zimbabwe,146,3.663,0.366,0.433,0.361,0.089,0.151,2019
Haiti,147,3.597,0.323,0.449,0.026,0.110,0.419,2019
Botswana,148,3.488,1.041,0.538,0.455,0.100,0.025,2019
Syria,149,3.462,0.619,0.440,0.013,0.141,0.331,2019
Malawi,150,3.41,0.191,0.495,0.443,0.089,0.218,2019
Yemen,151,3.38,0.287,0.463,0.143,0.077,0.108,2019
Rwanda,152,3.334,0.359,0.614,0.555,0.411,0.217,2019
Tanzania,153,3.231,0.476,0.499,0.417,0.147,0.276,2019
Afghanistan,154,3.203,0.350,0.361,0.000,0.025,0.158,2019
Central African Republic,155,3.083,0.026,0.105,0.225,0.035,0.235,2019
South Sudan,156,2.853,0.306,0.295,0.010,0.091,0.202,2019
